,confounder,gene_B,phenotype
0,-0.5376721396720884,-0.15543635384322627,-0.5361902090838657
1,0.20810730857843468,0.009012846981689615,0.22871890330971176
2,0.979997946816357,0.9411860843796815,1.6026351711008795
3,2.2777760091897155,11.81770223907954,2.2874789882634694
4,1.2127616969168056,1.7837189083316571,3.3235825092056213
5,0.5642753014033415,0.17966898908459691,1.4627251879233834
6,0.03544852349154675,4.454453726125458e-05,0.7916156263597643
7,-1.0789267490581038,-1.255960211118847,-0.9855859436743717
8,0.11252103045759125,0.0014246267744655186,0.47872434924457885
9,-0.21529854976740825,-0.0099798339057222,-0.1647542755822354
10,1.7759254441796528,5.60111111907805,2.8543504260188195
11,0.9840850253249683,0.9530109041846833,1.5797898544951587
12,-0.07671864265609617,-0.0004515467610627829,0.15369028013268093
13,0.6679525401252155,0.2980141033082848,4.034242117490834
14,-1.0115308011211543,-1.0349928146150544,-0.9997008833988754
15,-1.5240343809377097,-3.5398453864267143,-1.3174868636848054
16,0.16092555389403165,0.004167494523942548,0.17066908956557184
17,0.8578896924107268,0.6313851298900338,1.0679335739549152
18,-1.6950411699728993,-4.870132230703143,-0.9605167047255795
19,1.2214843572888958,1.8224840195755003,1.8211842824661195
20,-0.11973558319393555,-0.0017166023453400237,0.3826438930911668
21,0.9035636510749346,0.7376940063133228,0.9039049250469062
22,-0.23019806798849765,-0.012198460466885335,-0.21936530142729518
23,1.8057300426626397,5.887873503117722,1.860888199777066
24,0.013448217407584655,2.4321713269386863e-06,0.07640221449411888
25,-0.8037885875026782,-0.5193085905328733,0.12309945542921796
26,0.44526065253440844,0.08827606287164519,0.688709298344777
27,0.12485016946532686,0.0019461101087695427,4.67475268179474
28,-0.5301916680598363,-0.1490385770923311,0.4378445062020565
29,-0.8451347795179495,-0.6036398788879492,2.4283654542504225
30,1.150239147951291,1.5218240168219364,1.152033417089485
31,-0.11141309547484404,-0.0013829571442716788,0.15574375385954628
32,1.0182910211433125,1.0558828672639702,1.0193747931742452
33,0.17982657591266774,0.005815159414489012,1.8649198658809831
34,0.07255388602640776,0.0003819284719909721,0.11340517868456583
35,-0.07256821859321373,-0.0003821548594555932,0.621705681890114
36,0.6086733156399934,0.2255032408810846,3.614043133567495
37,0.6504692430939103,0.2752201950935618,0.686816285849542
38,-0.03888250432167908,-5.878448081019387e-05,-0.007265968232210339
39,0.6453584374545241,0.2687837304758924,1.8226379463500333
40,1.5192260200175105,3.5064461211269804,2.4645200638794145
41,-1.3471193697363244,-2.444658737154195,0.7019918124862832
42,0.3118595725240946,0.0303303371383911,0.3719203690564169
43,-0.6958822095543836,-0.33698238623899657,-0.30743689773521204
44,-0.8889675908718206,-0.7025185309574782,-0.7321524889940698
45,-1.8208668527578313,-6.037186192704526,0.02471626474354549
46,0.3896815865372157,0.05917382652759443,2.138959032728271
47,-0.29157648739151865,-0.024788913908815154,-0.29156462667957994
48,-0.07120151136703995,-0.00036096711384149603,-0.07120147264856433
49,0.4959938962328936,0.1220194311823313,2.8482417190745406
50,0.5245856908831299,0.14436081342984083,1.1222418527841578
51,0.1248566019807761,0.0019464109260221563,0.28586212658494653
52,2.2854577040296955,11.937669888337597,2.2987648871162247
53,-0.37730344960968326,-0.05371212414102997,0.645940976767617
54,-0.4099958099089347,-0.06891888695867063,1.8798859353030914
55,0.2611141351299066,0.017802916199046153,1.102128991115768
56,-1.1319281693158179,-1.4502958488338489,-0.6006430592154823
57,-0.8118617103102429,-0.535113833151903,-0.5071222233935178
58,-0.0755043488737395,-0.0004304432482864101,7.78261698444168
59,0.8247570147849513,0.5610196256781677,0.9816151347236097
60,-0.26583511881886746,-0.018786118691232433,0.24273870690003307
61,-0.530852966712935,-0.14959695247758742,1.161315266913789
62,-0.5981124969453088,-0.21396790277839378,-0.29245191207565735
63,0.5713994208777151,0.1865603670978411,4.860015503226919
64,0.14426129723495587,0.003002268291570367,0.27815020326669926
65,-0.021517119340618437,-9.962134153752411e-06,0.7842225723428666
66,-1.518033815198575,-3.498197600728314,0.5698076189866528
67,-1.9154884401796348,-7.028110905836346,-1.8855795552577075
68,0.9877078450246337,0.9635749689870672,1.067620630955766
69,-0.2374628816660188,-0.013390204238532117,0.952533522392412
70,1.3302844678915455,2.35414690866179,1.370825550088783
71,0.14672567907271197,0.003158772762722785,0.6100587762270001
72,-0.21504323251161778,-0.009944371474166687,0.4302075312422295
73,0.6785774982434503,0.31246283064781055,0.7956535847835581
74,-0.7292082833822846,-0.38775265487229243,-0.5059625773796874
75,-0.25427161678064336,-0.016439691121763425,0.22494799626786455
76,0.4539424446236864,0.09354107925976683,0.45612065148078396
77,-0.08671151546000969,-0.0006519740788308772,0.29716797029504394
78,-1.229887036091551,-1.8603543377947978,-0.47381155832527366
79,-1.1490352839936233,-1.5170506991824182,-1.127460711556954
80,0.9752449934652363,0.9275582413171349,1.082889198458281
81,-0.16239650745730433,-0.004282822295494216,1.6954910741888627
82,-2.702793395352949,-19.744154782932558,-2.0501971341641387
83,1.0214067486620497,1.0656048022697657,1.4578837080113294
84,-1.6213695432065827,-4.262319805795019,-1.0147621503971749
85,0.43404407142141144,0.08177140987890154,2.7060584157974854
86,1.3481116431047484,2.450064843803179,1.4921897390265477
87,-1.2926946742625736,-2.1601697430003077,-0.8676825375116506
88,0.3220206621237504,0.0333926754073336,0.4459247736060667
89,-0.6569662129609957,-0.2835496428251865,-0.42296290315894314
90,1.641913318737707,4.426400204314939,1.6603394454578655
91,0.16431164018135963,0.004436137436064414,0.1825289269157432
92,-0.013228393211636841,-2.3148416469855876e-06,0.9974725134180022
93,-1.833310938194116,-6.161811222141733,-1.1034388962889072
94,-0.934602614981761,-0.8163586061356989,2.2865803744425457
95,-0.9406162964317335,-0.8322187499113645,0.025497062304418616
96,-0.9235872915632592,-0.7878324144047631,-0.2791396549281029
97,0.6504324080414946,0.2751734418780376,0.8688917620126131
98,0.10446877562247231,0.0011401434965939764,2.104523560613799
99,1.2268142310434271,1.846445168371026,2.481199557756626
100,-0.2209423192153699,-0.010785411644051076,0.5661756152933984
101,-0.23840833567477895,-0.013550780416920255,-0.23258938439165341
102,-1.2015172821902327,-1.7345629502776905,0.29452673304736754
103,-0.5316178011555878,-0.150244486744174,-0.08854609199200392
104,0.1752220077541134,0.005379797849258878,0.29168977599737655
105,0.6893568870104249,0.3275912975912389,0.9440345515561895
106,0.23459456716668917,0.012910820733624429,0.3418988690962498
107,0.4606382774647514,0.0977417410040656,1.765685858865163
108,-0.6025770809227429,-0.21879521893479684,-0.04526787656820486
109,-0.8063659550321293,-0.5243201525647877,2.4015161260649798
110,-0.5693377973724681,-0.18454830066462774,-0.5640761650752065
111,-1.832289599451085,-6.151518710846304,-0.2755793642364801
112,-0.4588719083517364,-0.09662164216134156,-0.4538105849775576
113,-0.44389085785532056,-0.08746385232799364,2.970376000048863
114,1.381348888163986,2.6357860030398004,5.246170172441971
115,-0.7166424317834726,-0.3680506223098525,-0.6585258207750389
116,-1.3205441407167833,-2.3028135050287974,-1.2956419472226048
117,1.6986227554385522,4.901068960733055,1.9747284406870644
118,-0.9610489725544045,-0.8876393694616969,2.693436792868686
119,0.7402990522605701,0.40571548162001464,1.614160211510188
120,0.5968779051386154,0.21264565257454116,1.3125029066316896
121,-2.001395841791758,-8.016761794466566,-1.9873619648221
122,1.5075762459697883,3.4263983929323008,1.7604992072539054
123,-0.038940301729198004,-5.9047013551946605e-05,0.00037349864811772604
124,0.49368185756852767,0.12032101934862613,1.0797269612095457
125,-0.36878220429938635,-0.0501544956590038,0.4544817773677591
126,-0.38757256775396154,-0.05821824250261625,-0.3486092926916968
127,1.2237678359114972,1.832724153912518,3.111226730224492
128,0.32620370036569385,0.03471096196962028,1.3049776449084405
129,0.8998846608155666,0.7287197616987366,1.8782081783600897
130,2.190078218826173,10.504584476133576,8.325534872806331
131,1.2703543579272178,2.0500981101668754,1.8636460054893806
132,2.1951560600533453,10.577820739095323,2.202573847934272
133,0.21567719830368756,0.010032581580740274,0.9512715185608616
134,-1.5663991374184536,-3.8433267256340633,-1.1578562488945923
135,-2.2078026301942653,-10.761696480303417,-2.1466946204524824
136,0.06852915851005771,0.00032182975680119066,0.12299518147556705
137,-1.5581027423037788,-3.7825813402481487,-0.7997855142309892
138,-1.0036826850784888,-1.0110887916888271,-0.5496018897199277
139,-1.3702378249126603,-2.5726923532136,1.2777600021571258
140,0.16941807586259486,0.0048627196844345496,0.7344657317415948
141,-0.9137530317303816,-0.7629331623149386,-0.29227126105063506
142,1.096109370314162,1.3169269074458116,1.7493302396130068
143,-0.197299122648547,-0.007680251858712282,1.6894879442598318
144,-0.8759289040289002,-0.672057717257471,-0.7122283806267959
145,-0.5241637455039849,-0.14401274791028854,0.5327498696397588
146,0.4103074284433363,0.069076152443095,2.717007504258169
147,0.1449525822669718,0.0030456351044546416,0.3790151770648912
148,-0.7451390730098596,-0.41372523522239196,-0.3668240265007622
149,0.23335532013650329,0.012707295219959084,0.9084154990541609
150,1.1782257025578782,1.6356315435242497,1.1942681710133267
151,0.1412797441021436,0.002819938901986635,0.4721923546145384
152,-1.43614493408918,-2.9620665505131054,3.0000925402871443
153,-0.35978104068464417,-0.046570920386328374,0.4403305844087782
154,-0.8911457682678573,-0.7076951957748027,-0.2715392548115638
155,-2.299556875541222,-12.159968969631256,-0.3473343756002585
156,0.026972789257705774,1.962355006083922e-05,0.13411092744858266
157,-0.5035428324001211,-0.12767599626064657,0.12793284729921084
158,-1.4560674989680658,-3.0870561163784953,-1.2829949368346831
159,1.7810405123180386,5.6496480602477686,2.2869517581435805
160,-1.3310171798007102,-2.358038997373299,-1.3293738502747252
161,-1.8869807973872268,-6.718965976882586,1.018188211334659
162,-0.22429677475391885,-0.011284156122867475,0.11647135691670452
163,0.727128063999679,0.3844436753844056,1.7423613085285852
164,0.7559499686967285,0.4319954376041368,1.2818434120051627
165,1.470831692792899,3.181917665897716,2.36710843221575
166,-0.04753333402436986,-0.00010739766305439106,0.20924488719330223
167,-0.550506130939856,-0.1668347366356458,2.1553518693022804
168,-1.209114419895649,-1.7676741126483408,-0.9458324144441101
169,1.0972719999348224,1.321121898010045,1.2035542089642015
170,0.17982286271728307,0.00581479919447491,0.44661451619059334
171,0.09759749785264583,0.0009296426732675881,0.12383237951294825
172,0.6015082860638801,0.21763304724856183,4.265961721118359
173,-1.5747113128746126,-3.90483639525741,-1.1051999694333061
174,-2.3804231550196557,-13.488464036445402,4.756294650321976
175,0.22428788884291812,0.01128281505095751,1.8158799753855068
176,0.4144230640181115,0.07117570081415503,0.4184395209636748
177,-2.069472492450706,-8.862963776580079,-1.6946213431491868
178,0.06898334132972421,0.00032827112165266606,0.5680345963717417
179,-0.8785432012545781,-0.6780931648361498,-0.856322079620341
180,-0.2263758334435911,-0.011600860028008367,-0.12304514755429477
181,0.28708970186112276,0.02366207588648921,0.4045126872439357
182,-0.1257645959812204,-0.0019891851112383164,-0.006238228821586755
183,-0.5280503464447701,-0.14724006336497095,-0.30876392843038936
184,-0.6401610628575476,-0.2623419638507213,-0.5549603472766342
185,-0.9018902334451375,-0.7336029210781434,-0.6856180149041187
186,0.6883197896394884,0.3261149946298589,0.7039385264097467
187,-0.28709989783303,-0.023664597047239323,0.0264256796545414
188,2.064810123911782,8.803195825254207,2.525340133612211
189,2.5321287042153204,16.235188271268125,2.6957931492815033
190,-0.1234981675083009,-0.0018835690273795893,0.3243897049567086
191,0.3702547529869199,0.050757699106244863,0.6141154114757713
192,1.3969179062823773,2.7259171567297145,2.887611535137121
193,-0.28726361152100033,-0.023705103102218742,-0.27651242311215807
194,-0.5175419585457582,-0.1386234473906654,-0.03094551814983626
195,0.14753084515823578,0.003211060520955974,0.5958831487220123
196,0.07703518441885834,0.000457159111266699,1.7434861203898206
197,1.005558242345939,1.016767580928407,1.0435291666868818
198,1.4378953769827252,2.9729106869841933,1.4756188077488588
199,-0.551807033321654,-0.1680202764995846,-0.09641567526031053
200,-0.04542762528619185,-9.374758836765072e-05,3.942714946906486
201,-0.9547314441984207,-0.8702492927959813,4.833000777448417
202,-1.7417740428775743,-5.284153710762596,-1.3572767426656562
203,0.5516366985988291,0.1678647283535973,0.6939906026172891
204,1.4494178497689907,3.0449545614307967,3.8596840204241367
205,1.2299992803978619,1.8608637339436864,3.3777690211237115
206,0.03447578404963365,4.097721657469691e-05,0.16733169002516693
207,0.8050377603176108,0.5217335373329204,0.8052787116133542
208,0.1586563124279975,0.003993669006667033,1.5952081212426101
209,-1.441790868538637,-2.997138495896574,-1.2672227031134975
210,0.8038491933471077,0.5194260673518256,3.6774251368141475
211,-0.4616938484059649,-0.09841521921690785,0.2124692508851131
212,-1.5563237396608924,-3.7696395585175675,1.5895913653566134
213,-0.24344730583000462,-0.01442829183551245,0.878987772226314
214,0.8458123786768236,0.605092974586649,1.3764563920461752
215,-0.31567239842961026,-0.031456458759606266,1.0280366506913476
216,-0.9523938249355796,-0.8638726263644442,-0.8731212471169449
217,-0.33825902072837355,-0.038703314740677126,-0.18261739913559397
218,0.1520356658456066,0.003514280651192013,4.09365079288458
219,0.36310404601018925,0.047873288906324404,0.5587706931488461
220,1.6726389539826576,4.679577244695977,2.5554647428248822
221,-0.6849400871034472,-0.3213347944896659,-0.5823366744181536
222,1.633714360683306,4.360420570707659,2.484382264478086
223,0.3757461897956351,0.05304980063462395,0.6563939295160459
224,-1.1149409101794054,-1.3859755008525927,1.6522106371583325
225,-0.1292464696967229,-0.002159017030851382,6.25378896780232
226,0.5845023661887083,0.19969115129072318,5.733059985510155
227,2.7107895653527563,19.919912009565078,2.9829482888430445
228,0.19548073065447893,0.007469849655155343,0.3396609779851043
229,2.007900878159104,8.095185574366793,3.158610485023442
230,-0.31366215670508263,-0.030859321487004782,1.373963384463426
231,-1.496613046103744,-3.3521896439021055,-1.4643035870068553
232,-0.48277903532482697,-0.11252401185287873,-0.4109962896105797
233,-0.5490917127615701,-0.16555208980821823,0.04409583534113848
234,0.8668015686853333,0.6512669894970555,2.6079145172342053
235,-0.44253827870155643,-0.0866667531972073,-0.26118739046015305
236,-0.3470218559242054,-0.041789818447209755,-0.3383299691880486
237,-0.010661467999036242,-1.2118560157745888e-06,-0.0004874533587592416
238,0.14584799581550673,0.0031024257530071074,0.14863540836022168
239,0.9882314178153195,0.9651081220828096,1.0468383618471717
240,1.5065392991310962,3.419332979720308,3.0339314494912846
241,1.02666771518072,1.0821556118409208,1.0745468992361262
242,-1.698504781797645,-4.900047856797868,-1.637280711652647
243,-1.225168512383305,-1.8390243510472317,-1.216864911938544
244,-0.05374709135121512,-0.00015526190093479857,0.821672396529674
245,0.6280582349928919,0.2477420592377439,1.0692682251736632
246,-2.1100038770015543,-9.393982782491008,1.1258356418369497
247,0.0921582580083057,0.0007827134038953898,1.0477327551273272
248,2.0108948703783205,8.131451926944717,3.024689891501869
249,0.1368566431500683,0.0025632894494423616,0.33157040036533497
250,0.26662807191209736,0.018954730606908086,0.33583518059346057
251,0.5259639295167271,0.1455016385419669,0.6122982401705044
252,-0.514167688314756,-0.13592969511080105,1.023071747222041
253,-0.12543861142134208,-0.0019737571372475653,-0.10201693763672784
254,-1.9846127134091673,-7.81676952921565,-1.976159703400515
255,-0.6376038294738676,-0.2592105958352817,1.5962342947573314
256,0.18305195741794947,0.006133708488115123,2.8805857311872067
257,-1.34486297005783,-2.4323950289900473,-1.1908207782677787
258,1.7952604755289143,5.786053016374617,2.6752159024091267
259,-0.6953235279268544,-0.33617140950208635,-0.0938929173488241
260,-0.44458402261542856,-0.08787423416792245,1.6020921035027649
261,-0.28509759080088926,-0.02317291358232572,0.07168085391612833
262,-0.6821460372801266,-0.3174183879695705,-0.5096083868272471
263,-0.6116260052577085,-0.22880095229253358,-0.3649163108924947
264,-0.04208847903268283,-7.455721812956138e-05,0.16508887557180169
265,-1.101717096936125,-1.3372427967330904,0.8497380947174291
266,0.6697148946191362,0.30037921194342315,1.5919539273780858
267,-0.3835142223515132,-0.05640848324743261,2.403675579951978
268,-0.12984927918046385,-0.00218936731056415,0.39585288763396365
269,-0.4696798591550927,-0.10361098714039506,0.8200999131810037
270,1.4395703210312052,2.9833118505673424,2.960127699555019
271,0.02836020275236268,2.281014227434756e-05,0.07994305009311337
272,0.4346496825298378,0.08211416863977443,2.0871407618513462
273,0.902806775791393,0.7358417578587642,1.7710690619228224
274,-1.2745651268052338,-2.070551776069744,-0.6959357022933571
275,-0.808585499913218,-0.5286616986185445,9.563046273303875
276,0.21516657168324602,0.00996149222904691,0.2639823291355665
277,1.1069250106103692,1.3562963746573171,1.1108829633612771
278,1.0683196915652442,1.2192807031058595,1.4650773404289064
279,-1.101207447472862,-1.335387847253881,0.05057088472355553
280,-0.21087377076784677,-0.009377081529162064,-0.2108726560225916
281,1.031654951371688,1.0980026813532497,2.067411710824529
282,0.02203823367534098,1.0703611832205006e-05,2.500545804702816
283,0.19561918889060614,0.007485733496095864,2.8702570456400425
284,-0.0308300899412887,-2.930382925233788e-05,2.8738560808196834
285,0.9818850131444239,0.946633553196874,1.4198242996900459
286,-0.9788653791674153,-0.9379267138479217,1.776458906573242
287,-0.460463137274298,-0.09763029564573161,-0.34931365429713784
288,0.7173712814427913,0.3691747246832664,1.176731762580653
289,-2.1900359754565235,-10.503976634164257,-2.1899264063876673
290,-0.05211142448726667,-0.0001415138136290412,1.230040818718602
291,0.040359741861587244,6.574233719616389e-05,0.048539219176821746
292,1.2453624197132669,1.931466894480734,1.591001284628267
293,0.5835828298890573,0.19875017372146586,1.6395651306329357
294,1.4235873417202274,2.8850434157274054,3.561525072779011
295,0.9640865347560835,0.8960826148647757,1.024227890180229
296,0.28920685749431213,0.024189436942148666,3.73726132450284
297,0.22815337890832052,0.011876287842279884,0.27122105622364767
298,0.18889664203287523,0.00674019890625178,0.19744442340982615
299,-0.6644413008712584,-0.2933390353876911,-0.3691095794625113
300,-0.36629325415453307,-0.04914583991159623,-0.11469081247184815
301,-0.46542323347988285,-0.10081941593495237,-0.3165640605831111
302,-0.12655797709483835,-0.00202706919272238,0.22019251311450272
303,-0.52793354504704,-0.1471423792622456,0.8145124076453939
304,-0.28212649047903626,-0.022455958624454195,0.27665526443941335
305,0.5741770354181441,0.18929426473996458,0.6334510899668578
306,-0.9894772526555136,-0.968762777436573,-0.9722996578930676
307,-1.6030363879549616,-4.1193637418172475,-1.5318772041176127
308,0.5362505343702915,0.15420668951316005,0.8129007859040724
309,-0.06420123173474752,-0.00026462451859382325,-0.05162979733790492
310,-0.5990480097747287,-0.21497348100763242,-0.31466085710031577
311,-0.3981341849164343,-0.06310857978360127,0.3088019666784519
312,-0.48848640052129855,-0.11656211857343152,0.6116443715478439
313,0.8829443830096629,0.6883353033271095,3.491075516795586
314,-0.9191870464004209,-0.776625571748885,-0.05086178705659228
315,-3.597163346380387,-46.545797787764606,1.5613825373079915
316,-1.1088981206894701,-1.3635621652462449,-0.5639219900574901
317,-0.2825691255340697,-0.02256181962393305,-0.28032908379662097
318,0.08018578151717692,0.0005155752950873135,0.11466727484379811
319,2.0061071096833603,8.07350932470801,3.7112656967273345
320,0.5381712070431437,0.15586958386853397,1.0372051317779714
321,-0.6989403821419865,-0.3414447184180024,-0.6668320661527262
322,-0.6342703290509881,-0.2551662241657796,-0.3804007598979147
323,0.6783562425362821,0.3121572871597419,1.0706137342455853
324,-1.72757502920434,-5.155974420165644,-1.7267751501431714
325,0.10308017168863354,0.0010952806109468375,0.6150192237123451
326,-1.1218009227457453,-1.4117161358821557,-0.8838118670311141
327,-0.8425818570330725,-0.598186090462293,-0.8354684878294684
328,-0.20693261697723714,-0.008861083933899913,2.9393965445473436
329,-1.2354468811129629,-1.885698397724411,-1.0388478118681845
330,-0.656782806166003,-0.2833122314643028,0.5140981180635695
331,0.10832416997799676,0.0012710894378564273,0.3711943355642709
332,0.804437687310772,0.5205677103931668,1.0033748686129975
333,0.2656084289193686,0.01873810028549088,3.8377618156452824
334,-1.1283918576610734,-1.436745451936264,0.6601865095102994
335,-0.7726039915319354,-0.46118040097801133,-0.6802094194451463
336,-0.26780337900456846,-0.019206496755762983,-0.2550617267116221
337,-0.8238725375844517,-0.5592166323965129,4.06684265425346
338,-0.7397587421660247,-0.4048277908321631,-0.15303259967475624
339,0.3420246070486445,0.04001032303777789,0.3421724831643883
340,0.674362318233175,0.30667606691768784,0.9827877951979083
341,1.0771562545408218,1.2497873444100784,4.520193855283312
342,-1.15600527742926,-1.544825573352711,-0.31336461865968823
343,-0.3988094027303442,-0.06343021264909778,-0.3434710806673714
344,-0.23470349306542218,-0.012928813168581396,0.5022470749487995
345,-2.5536951634488907,-16.65356290631565,-1.1726495151838228
346,-0.43527634158766265,-0.08246984688777749,2.202776782261842
347,-0.7365463139876172,-0.3995767234659736,4.448534945904397
348,0.6908098847237716,0.3296671166226373,0.7233856212439272
349,1.7416142832201906,5.282699818690869,2.05417956013514
350,-0.8961228859162171,-0.7196191409323464,-0.8564126655813347
351,1.10034868221683,1.332266117701137,1.3978072696742228
352,1.5549330887309658,3.7595435165215365,1.8866530865237734
353,0.720451526432225,0.3739506543718688,2.078231539030717
354,0.2944574111599248,0.02553097900518247,3.1411538246756416
355,-0.5237665681157343,-0.14368562526709666,3.0086095291804615
356,-1.240683463543112,-1.9097784186463116,0.18092637088586327
357,0.19105765140943615,0.006974182447866046,0.3104490358797252
358,-0.5132317522981628,-0.13518874973246034,-0.5046551656083876
359,-0.10788975322256432,-0.0012558581814340194,-0.10700098619563071
360,0.29128565179684357,0.02471481009687036,5.282383027588567
361,-0.177502412633859,-0.005592587417236151,-0.1773373894301504
362,-0.44349782789947,-0.0872317311752559,2.7284620206934247
363,-1.6129905907933346,-4.196579955681761,1.5192217847989102
364,-0.8831277696835127,-0.6887642920975596,-0.8556512339966112
365,2.1223090452538784,9.559295240826508,2.2100753693201094
366,0.5924318198528468,0.20792903118709732,0.7511930233424844
367,-0.15806279454069383,-0.0039490166780444085,-0.0805262292660149
368,-1.5093832012051411,-3.438733634365484,-0.9230242911781037
369,-0.10522217217596164,-0.0011649889042363235,0.2406429483437375
370,0.49465331925790024,0.12103271709032667,0.4953743058144368
371,1.304449389907309,2.219635703490077,2.8649194565830944
372,-0.5286353556889017,-0.14772997268173538,-0.1723354932976915
373,0.5293801476457805,0.14835526108787764,1.1779835018492175
374,-0.06583700682936983,-0.00028537126113718927,1.4350026267119735
375,-2.1142231672658713,-9.450449860721257,0.6596066447226114
376,-1.6638370815755938,-4.606089763974408,-1.107537333565728
377,0.19018834068990367,0.006879417522560249,0.22141772895186498
378,0.07222688302409509,0.0003767876152655667,1.132084786159516
379,1.6248866055368767,4.29011739092022,1.7177294903617946
380,-0.15969091147638279,-0.004072307829000612,0.5372111592382582
381,0.9091033762919428,0.7513457117412689,1.209541591234885
382,0.04573342606198832,9.565357620800504e-05,0.09750871279363146
383,-0.14731183555293348,-0.0031967812771760726,0.0063508497331443425
384,-1.2650078608581827,-2.0243223626598614,1.8106800003643548
385,1.2293517286646731,1.8579262413615345,1.4362723597233198
386,-2.2262835555427265,-11.034214830752306,-2.1853117769622044
387,0.8036817804931016,0.519101601673397,1.4369486264194142
388,-1.5079095019815454,-3.4286711541928105,-0.9378508475698109
389,-0.3022215086548793,-0.027604259890819667,-0.0015667402004597153
390,-0.5339203702188872,-0.1522051934280311,-0.1691041035443681
391,-0.002814782015659793,-2.2301511705397332e-08,1.1511574136239886
392,0.9604150978708271,0.8858841589067649,1.015158878599155
393,1.0207607265845056,1.0635841510929003,1.555513633687831
394,-1.7765925279453545,-5.607425259085872,-1.4128058635502494
395,0.3125726317132576,0.030538861893282008,3.957177383198575
396,-0.5199762460827577,-0.14058873170254746,-0.3042445413216051
397,-0.7035210100441901,-0.3482019631913585,2.5823636283349964
398,-1.5594059240966542,-3.7920804221297058,-1.2314127442172285
399,-0.9711892123878952,-0.9160339068870883,0.30736220769510003
400,-0.8094975235982319,-0.5304525891040918,-0.7642842778076299
401,-0.29926018298545226,-0.026800741597442158,0.5364770450566454
402,0.10380634704177608,0.0011185920420073673,1.1624959356686932
403,0.48994077498368643,0.11760634537671735,1.361650715659735
404,-0.4866145902697925,-0.11522729823974469,0.45153983528953723
405,-0.4270956332014619,-0.07790680483449618,-0.22744255057545829
406,-0.12040219003927737,-0.0017454329072117368,1.6102151131630236
407,3.8051337131625654e-05,5.509469303662493e-14,0.9340941264276649
408,-0.7106296001512091,-0.3588639888824711,-0.6935751550189581
409,-1.1571166201134933,-1.5492852804029797,-1.137236349136312
410,1.2584541108037945,1.993022268585466,1.3356244639290245
411,-0.909829287560962,-0.7531469786423945,-0.8723926456422653
412,0.46061018291282685,0.09772385814624594,0.5384787497087491
413,-0.8967497609363111,-0.7211304076852572,0.27552757048220844
414,-0.7487707680351805,-0.4198040689772363,-0.367788986338678
415,1.1330285491154897,1.4545295843269264,1.9543973876626168
416,-0.248768645943375,-0.015395256421972963,2.3916863783901747
417,0.04856896253708589,0.00011457146868504142,0.7273641935667923
418,0.9908419449003646,0.9727766765348818,1.4230757039093236
419,1.7194275266859458,5.08336887572008,3.4987219024642817
420,1.138865278759343,1.4771243509315135,1.685905255955439
421,0.4050374506140796,0.06644855521507216,0.40628876950755133
422,0.7197656148887183,0.37288360292464,1.6376541556910826
423,-0.009545371721749196,-8.697181569698425e-07,0.0021472852719445594
424,-1.785090302254765,-5.688274838573135,-1.5090655415793264
425,0.28073619854469156,0.022125609566892104,0.986336108617687
426,0.3113456611128638,0.030180640583129466,0.6961658919579539
427,-0.41487805997269556,-0.07141039014694528,-0.39657566866144195
428,-0.5144474709458745,-0.1361517129466875,2.937274880125767
429,2.337049727507122,12.764501540971134,3.3333285298642368
430,-0.9018598519348756,-0.7335287860679602,0.8423308922406069
431,-0.04326503903124318,-8.098625181791766e-05,-0.04310526536679383
432,0.6294213612207953,0.24935864742702102,0.9396524583566546
433,-1.221499082598479,-1.8225499319175518,-1.2053637858759336
434,-0.3480480501164332,-0.042161651594414006,-0.10986163551853831
435,0.4941302764905515,0.12064918561560638,0.8048587747716605
436,-0.84277086417742,-0.5985887343390841,-0.6359578523284184
437,-1.092026996225314,-1.3022672664680244,-0.7232534890624103
438,1.1331649815890503,1.455055084674815,2.272573587814966
439,0.5445849964240622,0.16150910720982375,0.7968958961749264
440,-1.9988650655011975,-7.986388513010387,-1.7629329429351006
441,-0.513663935333052,-0.13553055729244595,-0.5052143292875539
442,1.566980816268986,3.8476099484085826,2.4931175273785517
443,-1.4852890673611945,-3.2766718729984543,-1.4852766093544445
444,1.1697503092575308,1.6005878138449232,1.1755101146798486
445,0.17140322400382868,0.005035666493311288,0.18011299842946982
446,-0.14980044316370184,-0.003361547825921847,1.3585029405390956
447,-1.7167566849137808,-5.059717174348637,-1.7164378714140927
448,0.2077475334555733,0.008966183619531895,0.43057395980379765
449,-0.2835475292419525,-0.022796994892760943,-0.2345233829718433
450,0.6810170736858758,0.3158449959244678,2.774422285874098
451,0.1799054363250607,0.005822813238786138,0.365321968755726
452,-0.32341748635036005,-0.033829103764818166,0.8166365965107907
453,1.2285729470941305,1.854397546681151,3.8662517289847393
454,-0.24948292924119816,-0.015528249616106701,1.1601648004711969
455,0.4951613367363999,0.1214060082595793,1.7191660072215125
456,1.2835343685867935,2.114572140991716,2.6980360905456884
457,-0.21530738923699522,-0.009981063176337198,1.5829661575662928
458,-1.5655417861686316,-3.8370193719795576,-1.0019124812926703
459,1.0642518150625169,1.2054055828983687,1.1102448072389755
460,-0.44657741619792657,-0.08906155425566133,-0.34617033150922305
461,0.6258027989648115,0.2450826139658649,2.193980537427442
462,-0.4518454096585456,-0.09225069012686755,0.478296490659993
463,-0.6958141961208055,-0.3368835889619481,3.842587113569026
464,-0.4009466865577911,-0.06445548585470127,0.18157339863304667
465,-0.743873101279962,-0.41162009091080404,2.4801653926428573
466,-1.0151066137364155,-1.0460079180219664,-0.8935715815381782
467,0.2284471756736012,0.011922226806870237,0.3774020164482895
468,-0.5200065877297213,-0.14061334403405137,-0.4401899017786513
469,1.7738700389102298,5.581685921606123,2.963029909522181
470,-0.9808174275618193,-0.9435491373094963,-0.9193243880472578
471,1.6659056216902928,4.623290483666338,1.7564956705847548
472,-1.2655656004934814,-2.0270011033653517,-1.0643204996586493
473,0.16194340662058543,0.004247073846436623,1.0742725776194986
474,0.5714436324988438,0.18660367537315498,2.693773272087199
475,0.8214023941416757,0.5542017503256382,1.241264377350006
476,-0.7151944257704123,-0.3658241420347471,-0.5772931263778345
477,-0.7368196696560412,-0.40002177533592437,0.297105205959616
478,-0.5527368957009426,-0.16887111283641956,0.889470421196495
479,-0.4281289644652826,-0.07847364603724385,0.7384808101029643
480,-1.3470569662523,-2.44431901635646,-1.1917039813230428
481,0.2309796295926504,0.012323130331634572,0.2413814880926838
482,-1.1804646160587324,-1.6449735584738432,4.45124669322333
483,-0.197081206100331,-0.007654831480487308,-0.07288871140915007
484,-0.6844749964232145,-0.32068065686243524,0.4629840937926074
485,0.12224667633550987,0.001826884877555755,0.43069706142436337
486,-0.5097717257063126,-0.13247295728374486,2.4111385998295995
487,1.0388318783717274,1.1210779346120616,1.5110727859087643
488,-0.003298260997294235,-3.588021671523475e-08,0.000591019781747977
489,-0.9455435174162796,-0.8453655865732809,-0.9438757807234678
490,0.05213318909951145,0.0001416911996743748,0.2429945089603832
491,0.9406508520405286,0.8323104734403673,1.8382264838766695
492,1.422405958090483,2.877866795190421,3.112744672292113
493,0.7051896511036941,0.3506854850976115,2.047941902996646
494,-0.048549382752124136,-0.00011443296168095772,0.20030915640559321
495,0.003071661265722282,2.8981440212295575e-08,0.05510529180198876
496,-0.08284178194104017,-0.0005685233366204028,0.28949452274855003
497,0.3621097357540594,0.047481081715328506,3.6898337891499553
498,1.1506960044937815,1.5236380694230192,1.1526410038901211
499,-1.2411286866034608,-1.9118351460347451,4.752440311077842
500,0.6016132511579579,0.21774700009194622,1.4721237842504389
501,-1.8681024550389251,-6.519316618041699,-1.8446473716595257
502,-0.2948068645902837,-0.02562198517734266,-0.2929512757744327
503,-0.5459722730717786,-0.1627465397364436,1.4507889644022836
504,-1.3271028923817336,-2.33729638368393,-0.04613826787768094
505,0.014606343907325587,3.1161945648498926e-06,0.7958642275139152
506,0.08201189092727244,0.0005516078985695823,0.2974156946998687
507,1.1872183969578822,1.6733695164903084,1.8930877689532586
508,0.02262421785397996,1.15803243125021e-05,0.04113983591089078
509,0.5577337267786228,0.17349250698420932,1.1279715742111223
510,-0.6835659422373882,-0.31940466094186926,0.3064144032686358
511,-0.3828615894447023,-0.056120999091456805,2.05836409021002
512,-0.017203042848676933,-5.091149066846613e-06,0.09569787657097864
513,-0.30592705711737406,-0.028632130644708875,-0.2392211637963749
514,-1.1533372214135618,-1.53415388593643,-0.7905992674525583
515,0.2937498624789223,0.025347376509697064,0.32558475580907376
516,-1.1304335889322443,-1.4445585865221005,-0.6020397362780844
517,-1.5362213138083396,-3.6254453160580478,-0.4361192337581845
518,1.106788908379396,1.355796144927133,1.2379102999522251
519,-1.715910960593158,-5.052243165541939,-1.2610309545573637
520,0.16270992022016925,0.004307666734110165,0.3918213404191534
521,3.4915503643833445,42.56522494940641,3.546053610155919
522,0.8252794833084216,0.5620864883267402,0.9910153833640599
523,-0.6337645985564179,-0.254556346316109,-0.5531546297932846
524,-0.6024153539943471,-0.21861909748776528,-0.0036476530131428486
525,0.2472287523653846,0.01511112964593402,0.4181514440060522
526,0.0888550504672818,0.000701530170976573,0.10628240149109378
527,0.3549385675862114,0.04471565295917269,1.526902373840781
528,0.6885216556913104,0.3264020015818971,1.3568285112657912
529,0.029928571560273256,2.680760203028848e-05,2.128374918183197
530,-0.06641294864657224,-0.00029292624759590016,1.111631378556929
531,-0.6327346503961397,-0.25331730268842606,-0.5771265136908722
532,-0.17391931684625198,-0.005260699108086763,2.578187408344661
533,-0.8258158837102944,-0.5631832056179796,0.42380307184833266
534,0.19498757074543915,0.007413457223158577,1.3420092998033268
535,-0.21636964775734244,-0.010129523450181178,-0.06968441239720308
536,1.057089021418145,1.1812305954014903,1.0963395802292828
537,-0.7573488700847135,-0.43439812840615916,1.1993204627519218
538,-1.5297939896913477,-3.5801304461974195,-1.5257153322571735
539,0.35377447207645024,0.04427713123306697,0.36695242353591395
540,0.34072215374491743,0.03955497523149682,0.487503129959046
541,1.3309781374533485,2.3578315004035018,2.1154432851204485
542,0.750100562707407,0.42204472232369705,1.438468525250237
543,-1.1971751533513502,-1.7158253670671566,0.9141905034067037
544,0.384240026606901,0.05672935047378354,3.1105808206663306
545,0.11064872939735926,0.0013546880305860276,6.69206272847903
546,0.9332572222803749,0.8128381497049634,2.1993922705890023
547,1.2433927779023464,1.9223170656658608,1.3639795257839693
548,1.0489282609748845,1.1540838401106992,2.005600338990449
549,-0.7144296951720495,-0.3646519102135978,-0.08795788358975332
550,0.3993691731052178,0.06369768037055708,4.193269824035055
551,-1.1924867881770875,-1.6957457148834187,-1.0642602914075225
552,-1.6388714899162213,-4.401844542191055,-1.6263691056889558
553,0.62829424933919,0.2480214568413953,0.70695737297389
554,-0.32214625493875565,-0.033431761557568156,-0.1096041687244741
555,2.231720487445631,11.115254244063381,2.594560376722304
556,-1.0032518624763922,-1.0097873456450488,-0.7185620186401787
557,2.5989424278991633,17.55456116059042,2.6018852471907485
558,0.7262270734983136,0.38301634328814965,3.8467002675765727
559,1.8382234701646638,6.211477557603198,1.840804889227933
560,1.0665451430450903,1.213214876257091,5.046927327562784
561,0.6297884537003823,0.2497951963925498,3.0861731252019116
562,-1.7966475567575988,-5.799474903934913,0.2635120346353892
563,0.20263941272558647,0.008320927814259497,0.5517745016593841
564,-0.6314821861680467,-0.2518159944218037,0.8279548509841844
565,-2.069181880092583,-8.85923046995688,-1.6132319785672014
566,-0.32279125590576124,-0.03363297502638053,0.26757436688448405
567,-0.6972043783779827,-0.33890682691698537,-0.6393055952449562
568,-0.085368812805416,-0.0006221537535601606,0.6623206593446925
569,-0.7535147410756758,-0.42783396414508773,1.9205462617848714
570,0.39256271191107883,0.06049606624165296,3.5894510548514407
571,-1.5193345889620578,-3.5071979217588227,-1.3767402932369206
572,-0.29380635387211873,-0.02536200307657161,2.172493655822738
573,0.35622274723807446,0.045202759283188364,2.4489421788815355
574,-0.9631297142069437,-0.8934172744149854,-0.25331349522228785
575,-0.3119919942346207,-0.030368990120314614,1.1313597408959015
576,-3.0219933487837296,-27.59818442202256,-2.901625235405106
577,-1.2542766810805748,-1.9732406082896894,-0.6674607250738418
578,0.3058491046523273,0.02861024918855482,0.7086003182537911
579,-0.013109555109842767,-2.253013846167612e-06,2.7292215343030914
580,-0.01223151391349719,-1.8299559723909027e-06,0.37633415949222887
581,-0.03878498558915545,-5.8343288352976635e-05,0.2020570839877495
582,-1.0967736344146974,-1.3193226104758462,-0.38310598152442765
583,0.5564718271436697,0.17231756370427864,1.5195169952560723
584,-0.6666582224992131,-0.29628503754896557,1.4237126392822081
585,0.3884274564019845,0.058604337752733056,0.7900424684660113
586,1.9603561690763893,7.5336415233324505,2.26965102021232
587,-0.5804669661546942,-0.19558364176500073,-0.3238552386180842
588,0.8530720357185398,0.6208077317907884,0.8652175835525957
589,-0.3293070175034274,-0.035711077708075536,-0.06906502402531389
590,-0.7811429539156471,-0.47664117782407844,0.646461338668189
591,0.5486994724071217,0.1651975597736197,1.1023991581847232
592,-0.21564311588723697,-0.01002782613239271,-0.2082966373797343
593,0.4974171709278462,0.12307286747484032,0.5000795516189115
594,1.814917815034503,5.9782062044730875,3.1335840871054312
595,-0.08312533557632623,-0.0005743812238674982,0.5260351844963664
596,-0.2076419602670294,-0.00895252125316933,0.0860982191766414
597,0.48242133765118467,0.1122740853219716,1.967997162774326
598,0.2035827050243863,0.008437672054898043,4.517266382384016
599,0.2575459923075121,0.017083009741480543,6.439105815391814
600,-1.2080624720649844,-1.7630644158501543,-1.029664441954925
601,-0.9822015038287961,-0.947549232561556,0.037843875430917384
602,-0.8012655303763038,-0.5144336641104551,-0.23481179640388739
603,1.1425779297599006,1.4916175780488212,1.1491415228253339
604,0.7922763110479881,0.49731322934307287,1.1076944757837333
605,1.2311615468346915,1.8661438927007343,1.401510228698338
606,-1.5688765576621932,-3.8615914241245513,-1.5513130779428268
607,0.7047673777161362,0.35005588216476335,0.9791825688838476
608,0.2851555360539935,0.023187045935421313,0.4315828280131999
609,2.209867540277169,10.79192027672802,2.213859601684445
610,1.0570686397691522,1.1811622710805663,1.123910978997703
611,-0.03210402305201723,-3.308859873776279e-05,1.0536760373283784
612,-0.1283720992143761,-0.002115494639909992,0.1081824160035734
613,0.3590631906279838,0.0462927155147486,0.3605628215404496
614,-1.3702954375714007,-2.5730168790936765,-1.1948826001018094
615,-1.428102786040852,-2.912583596211204,-1.4279053668974766
616,-0.2610388726608375,-0.017787526316824055,0.7363695548336379
617,0.6530546156687789,0.2785149486817327,1.3237881369070799
618,0.4184088331326439,0.07324914054837948,0.4676239581222739
619,0.29366832136666327,0.025326274069909862,0.5878799822128589
620,-0.15568368568778682,-0.003773369318665436,2.233720232097906
621,0.9377830319673681,0.8247211103940852,1.1266678268160673
622,-0.13599639569571365,-0.002515256009664044,0.0450945962433795
623,-0.8170792696862466,-0.5454972633326146,-0.7596241810127818
624,-1.240076792112501,-1.9069782485939442,1.401248429204076
625,-0.4732416644028053,-0.10598610189162828,-0.36362038212476905
626,-1.1670972387916834,-1.5897217814265145,4.412629694643245
627,-0.8413016490325272,-0.5954636024887386,-0.7777852670807767
628,-1.402742402747787,-2.7601569360278666,-1.3509785926919042
629,1.0371076477040455,1.1155049720631582,1.1458153085586713
630,-0.8688615214843373,-0.6559212382668576,0.03207275460000192
631,-0.5326256991605233,-0.1511006567156901,-0.5326173713191126
632,0.5555218322970069,0.1714365407163517,0.7122405771429575
633,-1.4648451199226684,-3.1432225079409215,-1.3197810076424434
634,-1.0836731745436394,-1.2726089366867288,-0.5630516284868027
635,1.8800868324376478,6.645592744228401,2.805598362499122
636,-0.8621342890190451,-0.6408033225867599,0.0652706168509225
637,0.5107352300717942,0.13322552748424485,0.7072982874917884
638,1.9502209930474568,7.417396263901529,3.6354920821656838
639,0.6216194179019033,0.24020039484809588,0.6241835469496455
640,0.4190502180522416,0.07358651116450432,2.162035288158016
641,2.229795858710523,11.086521756132996,2.2299857965400274
642,-0.820819985274066,-0.5530237288907743,3.838737609602415
643,-1.7991086030327141,-5.823339911547875,-1.7178179902100366
644,-0.6422991926006294,-0.2649794096921449,0.5012313570711862
645,-0.752635848273691,-0.42633864459120074,-0.5146922279881935
646,-0.010267678810169862,-1.0824723811208721e-06,1.1078989993112933
647,-0.6219030813834632,-0.24052937674071415,-0.3612154861313827
648,0.9146863636781357,0.7652733924798827,1.2545757572642926
649,0.6332815817617066,0.25397476773433536,3.9682239722901214
650,-1.311052583444757,-2.2535143706872325,0.2708819522228818
651,0.8213313941280824,0.5540580512166086,6.767134815764592
652,-0.10968530296855351,-0.0013196091478858453,1.5565203412004618
653,-2.459996763422265,-14.886877240655842,-0.8844496455755662
654,0.6964056601980063,0.33774340453987756,1.8431703780181556
655,-1.6533551147579635,-4.5195836586889495,-1.5267077009328012
656,1.4545163949209587,3.0772009836189786,6.608671918336778
657,-0.031768295780431346,-3.2061346135171615e-05,2.6184893695164932
658,-0.23664036356446072,-0.013251543656219854,0.6229530734761414
659,0.8078718204752476,0.5272631004324474,0.9837768640241741
660,0.10438947602261481,0.0011375491048325594,0.5939493210745149
661,1.0441940111030754,1.1385276809536724,1.120642253573397
662,0.5735761103315287,0.18870054891978735,0.5771871077734937
663,-0.35921376887873335,-0.04635098046616152,-0.2852388459980963
664,1.6438569303897543,4.442138046791402,1.644326366377019
665,-2.3127034912394135,-12.369719969000986,-1.1424674772365935
666,-0.6342550324379572,-0.2551477631814998,-0.5502697028250472
667,-1.009115677845102,-1.0275970777555943,-0.3757310998805726
668,-0.3238717049197611,-0.03397183628361687,-0.016609201866775836
669,0.15994435384149197,0.004091727861171854,0.16339763175344676
670,0.0075996815915030025,4.3892082848716253e-07,0.050598170255673834
671,1.2957877120611883,2.175712824551792,3.981187646956414
672,0.11383234268523353,0.001475016985168726,1.0284323662293575
673,0.8152285052403915,0.5417988393566352,0.8283336817969942
674,-0.6953651444816901,-0.33623177478256683,-0.5285955207464199
675,-0.7397205680046162,-0.40476512243873763,-0.642029724210875
676,0.23548847417701627,0.013058971293780775,0.23745731751180457
677,-0.015277011847676221,-3.5654573542106314e-06,2.080906769186038
678,1.1379037080532652,1.4733859967305882,3.2487833128758936
679,-0.49559999885937267,-0.12172895397551954,0.6064910251909679
680,0.673589879740118,0.30562344065510877,1.8332656304820798
681,0.11572893667105323,0.0015499792650348581,1.0796420863323268
682,1.3253081879068613,2.327826689755871,2.3368360129472974
683,-0.04739748557977553,-0.00010647947700266586,4.678775684079422
684,0.07491957789067695,0.0004205193316210515,0.10403178458861174
685,1.1126670783332178,1.3775130279265817,1.2705481850529061
686,-1.3454821908056103,-2.435756448948142,-0.6883987997827657
687,0.565791260126796,0.1811209567642686,0.6629872030053786
688,-0.31737323683262403,-0.031967664119966994,2.7053465963995156
689,-0.6623814182771165,-0.2906192797928842,-0.44742927006037936
690,0.9390728753078879,0.8281288010289788,1.0930829589924258
691,-0.35031271889395704,-0.04299002690687293,-0.03967043952287863
692,0.5224634187598645,0.1426158070009901,2.2458813112075253
693,1.701853333730158,4.929085927520554,1.7043586380282023
694,1.1917303501488015,1.6925207406965606,1.3018760295767626
695,2.528601905832441,16.167444650320625,2.9376053874901964
696,-0.9827714391857663,-0.9491996736420797,-0.9701333503343513
697,-1.7515311410826713,-5.373454670349968,0.8691557898659652
698,0.32586441715058423,0.034602766367083544,2.877914777946053
699,1.1894116108305874,1.6826605820283616,1.7871544302242115
700,0.27938183032535885,0.02180692724864809,0.29646098874309745
701,-2.5151177829733093,-15.91017599109418,-0.7633062133457871
702,0.24617556557714987,0.014918832332386557,0.46917170940489455
703,-0.02482701936680173,-1.5302900309234564e-05,0.06433393756478953
704,0.8610759221251194,0.6384462438864333,1.0544544989836082
705,-1.4125248316052637,-2.8183068345352122,-0.5973706114232401
706,0.999383919582997,0.9981528971803951,1.5900410494275738
707,-1.458559383126523,-3.102932630378821,-0.6065512156317903
708,-1.222201199903164,-1.8256945422015496,1.6145985388943251
709,-2.5958954860073504,-17.49289179395408,-0.517085773956413
710,1.7636417224279648,5.485687870586672,8.079386341187508
711,-2.384934151914348,-13.56529297984256,-2.2179607057275668
712,0.8637584350087341,0.6444317133393915,0.8680578820362194
713,-0.17609350750295974,-0.005460470082701482,-0.06581192357386538
714,-0.3307089021728466,-0.03616909621299007,2.720175701021421
715,1.3145556700010923,2.2716266141431816,1.4539959732138832
716,0.5149357677678916,0.1365397733927817,0.5893715320073694
717,0.5830872628625169,0.19824427938019623,3.148803393356915
718,2.394797867274179,13.734301853447997,2.887455941860862
719,1.3304606908717937,2.3550825951690797,1.5424396602115222
720,2.7539778655187264,20.88725343006572,8.36309168129485
721,-1.1339078410497823,-1.4579185958283705,-0.8856616370055584
722,-1.7897496091284706,-5.73293250448521,-1.6583421795646518
723,0.08053139541219966,0.0005222707134304316,3.10893391941925
724,0.2522512238122187,0.01605091688050229,1.5989759302605482
725,0.24913373411459538,0.01546313730886451,0.2492883452299486
726,0.6630884978322742,0.29155096528918,0.6690348409211
727,0.25438981879920103,0.01646262850071063,1.8493478334964437
728,-0.1769705244805739,-0.0055424631456662075,-0.12149706238574019
729,0.5460647022441509,0.16282920918021387,1.6695889854951953
730,-0.1675920644268971,-0.004707175082630718,1.9359755238008343
731,0.643488313369879,0.26645384510977577,0.6822502167940787
732,1.2286797470438997,1.8548811975272903,1.3689913576655814
733,-2.29953989310972,-12.159699564272474,-1.83000674303279
734,-0.29270113914556306,-0.025076864767183998,2.9522739310583592
735,0.6443910842269912,0.26757686967706923,0.887531776823465
736,-1.0067539667549679,-1.0203990565550847,-0.4467171239280786
737,1.68351832968731,4.7714848330452355,6.453631884904725
738,0.993131761738373,0.9795364793122533,1.0000278626177352
739,0.47291907390779553,0.10576950975149854,0.9261975917256408
740,-1.1432637574572753,-1.4943052025659078,-0.09965539011412305
741,-0.7436600289114943,-0.4112664832266859,-0.420266406014916
742,-0.25601350111039595,-0.016779870566306213,0.45369621141210753
743,0.9444711297077039,0.8424925346339732,4.841270080723234
744,0.7911326051682042,0.4951626183322152,1.279595592024102
745,1.6346222320594401,4.367693998823146,1.6356010632864366
746,-0.1302263697438441,-0.002208496942484582,2.869936900279239
747,-1.0289371613814753,-1.089347792872332,0.11767024245713253
748,0.00854187186997179,6.232455091925087e-07,1.1470842103416685
749,-1.3331293997231821,-2.369282890796752,-1.2861460793083108
750,1.1780106586450303,1.634736124894998,4.315964006012333
751,-0.9500072308890706,-0.8573945777811733,-0.8950137640229641
752,0.6754372809364155,0.30814497067317764,6.858186779582775
753,1.0067199589067737,1.0202956537223282,1.0650069702594147
754,-0.8243819985517622,-0.560254688323179,2.201400731518918
755,-1.0483652203237395,-1.1522263802412702,-0.8662166274114502
756,-1.909167040514218,-6.958758816519055,-1.436430336167982
757,0.04978691231838085,0.00012340864366632907,1.3025371876471903
758,0.24289571807333726,0.014330441696074486,5.359065510340369
759,0.0930123562573855,0.0008046776504091782,0.10665232959225124
760,0.17471873979007652,0.0053335757272990275,0.39344825332344313
761,-0.29405793548160636,-0.02542721009450951,1.3976281394566996
762,-1.8441371579761798,-6.271618837684556,6.567918917720567
763,-0.656455557625054,-0.28288895305740036,1.6376809177028249
764,-1.374795012702964,-2.598446885997652,-0.05906356123417478
765,-0.2950574413934879,-0.02568737443206399,1.2553502752360384
766,-0.5911638319130968,-0.2065967887166207,-0.24542131818202778
767,-0.9996911494133738,-0.9990737343767151,-0.6618067309931317
768,-1.0452963080798758,-1.1421371277670238,3.471973885442675
769,-0.8234269988952942,-0.5583098734500779,-0.8208578579575145
770,-1.3071545470115844,-2.233473550989885,-1.1462623232927898
771,0.45195265737166285,0.09231639417411047,1.0732270699678947
772,1.1589044366463,1.5564776054403595,1.5384021322647436
773,-0.5272556154410891,-0.1465762617805766,1.0723107302495078
774,0.4144105083198449,0.07116923181935625,0.47025673780817373
775,0.9806813614386056,0.9431565037982603,3.4542171335085685
776,1.7847551244938338,5.6850712607137055,1.7875827706619447
777,-1.0145297352920697,-1.044225612918206,-0.7498524543837197
778,0.5712207719818678,0.18638543665606003,0.6285813480830446
779,-0.5980527661458153,-0.21390380514954474,0.18232318212191878
780,0.5029620376668158,0.12723471473875383,0.5881897250469245
781,-0.06128544249660997,-0.00023018232821442835,0.0026650476013245633
782,0.7624505026335952,0.44323593699467023,2.5917233462971327
783,-1.3226306504118033,-2.313746358511018,-1.290126142876058
784,-0.43461120134308623,-0.08209236093320024,0.48450502760734143
785,0.6056466363229576,0.22215593937215472,0.638805326591017
786,-0.04984994756890589,-0.00012387798074806546,9.296019605671487
787,-0.37837546913333486,-0.054171257515872276,1.9222797799875115
788,-1.5018902940654442,-3.387775571148611,-0.47651154961161546
789,0.06280097933788528,0.00024768473923647235,0.0923632450007336
790,0.6265262212115968,0.24593353657092035,0.7929192811843337
791,0.8333978418720369,0.5788381068963169,0.864167528983919
792,0.31404801087161094,0.030973347211153978,0.4385567603437355
793,0.04247226631709931,7.661544115198914e-05,0.11498005739901107
794,-1.9600057067771666,-7.529601769656985,-1.3119843704245417
795,1.5053578510948966,3.4112948282536686,1.5074778743218153
796,-1.978013907975888,-7.73905659734723,-1.9716363369031662
797,-0.5857676204100271,-0.2009907562548978,0.5638039222096227
798,0.6841420313860342,0.3202128961061193,1.9005286145393483
799,0.6114683743523108,0.22862409516100715,0.9764211072338381
800,-1.3019052466250776,-2.2066737641674603,10.650180649809647
801,0.2540067092936309,0.016388362604665117,0.4888960625122413
802,0.9127832444803018,0.7605065836307329,1.3890938892954587
803,0.4417865161917873,0.08622582727104344,1.6026993919213364
804,1.2836414380411383,2.1151013632181983,1.3035755079027667
805,0.10399657876797584,0.0011247529915151466,0.31858923005318945
806,1.214031864596106,1.7893292334407935,1.245353440065977
807,-0.5549297456704758,-0.1708889629479901,0.13185921268169554
808,-0.4985508749129581,-0.12391630308688559,0.12014006447518982
809,0.629250115363968,0.2491551747401647,1.409674777827501
810,0.3685869844112082,0.050074887916927956,1.1752228541579477
811,1.1157144485416872,1.3888622436402223,1.2325424861392016
812,1.5523375704494806,3.7407484604832364,1.7438476201704436
813,-2.3205017093481395,-12.495270953229964,-1.649194276726417
814,0.588334700229581,0.20364483143678916,1.1861264788556647
815,-1.6743589065624056,-4.694027936687957,-1.550672906092701
816,-1.3808029924325536,-2.6326623263423774,4.208667275873067
817,-1.1486417214271436,-1.515492392232627,0.779925695970624
818,-0.45409607624847714,-0.09363608512911939,-0.3077158353976507
819,-0.29328178637147123,-0.025226400052716633,0.14788373647920233
820,-1.093803396984824,-1.3086328061518981,-0.37144273928648563
821,1.2470658323757084,1.9394033490235656,1.9016071290903378
822,0.14830832147647105,0.0032620946577585496,0.15618124287442275
823,-1.3925426323450554,-2.7003838352631493,-0.8061672327220035
824,-0.8331165172712508,-0.5782521210871847,-0.665507551418301
825,-0.2666631467728373,-0.018962212062191047,-0.1996100991455244
826,1.5057089263296792,3.413682102069017,1.5107558627769848
827,-0.8068806103132272,-0.5253247202646204,-0.7172011081226354
828,-1.0885898342347642,-1.2900092459744377,-1.0668464870773944
829,2.39160098045837,13.67937226323483,2.392305818594227
830,-0.40423840906923036,-0.06605606942620917,2.1901735900207226
831,-0.4770764056666494,-0.1085834948691561,0.299603016428386
832,-0.15645427260823083,-0.00382967820649306,-0.15582976135739937
833,-0.6575467341753878,-0.2843019741115323,-0.5588086570519633
834,0.28713403777201263,0.02367304014296991,2.5604872043302893
835,-0.003553998798121075,-4.489022992152017e-08,0.24825141313357435
836,-0.10588698676476208,-0.0011872106099164417,0.9275357711193071
837,0.1488221479925318,0.003296117656328341,0.1491594100648626
838,0.3605379627927705,0.04686547264580146,0.49128464735308935
839,-2.4916562135823597,-15.469075564573455,-1.8555790955323537
840,-1.5001876576301396,-3.3762668474792883,-0.030890341864439952
841,0.4150368841163472,0.07149243379460923,0.8384264978804832
842,0.8202406353212884,0.5518535520312174,0.9461649695046974
843,-1.4984825142880271,-3.3647673303827608,-1.4367663987264672
844,1.2506990608885669,1.9564036808297507,1.3285212568910296
845,-0.9239646509544631,-0.7887984869636154,-0.58071154893234
846,-0.9689198903418983,-0.9096275681212825,4.328144498707479
847,-0.6747028305370749,-0.307140860291243,0.9499399319045417
848,-0.9625166050239444,-0.8917121654150563,0.11156942599644082
849,0.09197739137281888,0.0007781140628044669,0.6964028222195998
850,1.7888215401419216,5.724018746351797,3.005179961799273
851,-0.31837481903642845,-0.03227127568017924,-0.3069661321639215
852,-1.5616274277575906,-3.8083099239616707,-1.5228169814005073
853,0.7808475511250986,0.47610063184477097,0.8181946130374724
854,-0.07252349767430147,-0.000381448774055217,0.08369630325500366
855,0.7236689313949654,0.37898304737752175,2.0655271940043374
856,-0.848088179898174,-0.6099904433345418,1.1287411810647248
857,0.43320700539155715,0.08129922637419396,4.935805472198481
858,-0.7184300388319564,-0.3708117164424822,2.651913630992397
859,-0.507325910144679,-0.13057532922165557,0.9532341062505225
860,-0.7155088604973737,-0.3663068571792409,1.0398892417673955
861,0.19226262908011144,0.007106972422385694,0.3691253362867363
862,-1.8225834974531714,-6.054277190681737,-0.6043718169581986
863,-1.5416775871933002,-3.6642127041445387,-0.7148170059495591
864,-0.4609019011251769,-0.09790965009527446,1.7155806381219891
865,-0.45969098568021655,-0.0971399694562865,0.22710877571558447
866,0.21078275416507675,0.009364944859208581,1.2449191701202689
867,-2.051658573244705,-8.636052384566156,-1.565509767685564
868,1.5195232890440322,3.508504857188872,3.712948727790635
869,0.8270010031345862,0.5656113412209999,1.3758774085621206
870,-0.394939147981468,-0.06160139607921757,-0.012236695559072419
871,1.2474613292836811,1.941249132839678,1.5358107197521158
872,1.362426564118533,2.528944557179802,1.4420687168310864
873,-2.0977538520856713,-9.231315236398064,-2.0769312493922856
874,0.33673079333602113,0.03818110565504818,0.9645277653705013
875,1.3497857439149301,2.4592037407630083,1.7277810090806391
876,-0.11492544697661407,-0.001517919025945673,-0.11092902939438493
877,-0.11069287919387213,-0.001356310274296604,-0.0966168621844831
878,-0.6452971478050276,-0.26870715862733985,-0.5314983642199556
879,0.4695451655033944,0.10352187277793708,2.4279030733062683
880,0.09639895406294006,0.0008958121847625976,0.4379013919119998
881,-0.21321387635478847,-0.009692736308642353,-0.1795283503778442
882,1.3956539539948585,2.7185244974878384,3.270683542775706
883,-0.4724814603422121,-0.10547616132879316,-0.03935171592295261
884,-0.8594051649523179,-0.6347370926638668,4.21962193662377
885,1.876018712458337,6.602546946501001,2.3797282718533803
886,-0.13491682841915664,-0.0024558303948343523,-0.04530960848071758
887,-0.3604379233725282,-0.04682647181025317,0.23928573290101196
888,0.49387584529844264,0.12046291219196434,1.0052006174149946
889,0.21651783512521766,0.010150350248950177,7.767053619274039
890,-1.3356113732506163,-2.382540686281149,-1.1363210725140025
891,1.1783431582666242,1.63612075390394,1.4692940818113644
892,0.16702711532804695,0.004659732026527389,0.4218958014178209
893,-0.04587146308787997,-9.652232555802216e-05,-0.04491655239266514
894,0.29597076521016613,0.025926652452886327,0.9189932133239378
895,-0.8548013229409169,-0.6245907625479609,-0.1736460832236223
896,-0.2733450634205646,-0.02042366625341794,-0.25855023631128937
897,0.43090725947043435,0.08001131939950636,1.129476906379114
898,0.5981340216027893,0.21399100420959014,0.9039706477079528
899,-0.6337695917410023,-0.2545623630146181,-0.24529365577556406
900,0.11547010379146828,0.0015396027159815917,0.12941413413524683
901,-0.10367637953864013,-0.0011143958052002977,0.24178107080027889
902,0.8955790037936687,0.7183096648694592,1.0232149237667252
903,0.34706197187046156,0.04180431291106297,0.7171817738850451
904,0.32236278412146147,0.033499219911795636,3.172708376773565
905,0.6703640704471325,0.3012535601394638,0.761191452515801
906,0.3695249126899384,0.05045813207035365,1.2459272839359379
907,-1.293135759855738,-2.162381738432504,-0.8199587413101699
908,2.0881593037570383,9.10522920176665,2.3496330360805024
909,-0.31637006431538917,-0.031665485303834374,1.6028910126240201
910,-0.0996335189170915,-0.000989045810806502,-0.018582360425603753
911,-0.041353452233043854,-7.071886997065912e-05,0.14613132981569907
912,-1.4175073784469818,-2.8482360862854206,-1.4018778862766899
913,-0.5930390694842412,-0.20856907595076082,0.21597894687381247
914,0.4457131364932978,0.08854546085741473,0.5010434202977675
915,-0.1496128440049435,-0.003348934362696995,1.298199187132064
916,-0.16873478909530784,-0.004804120576168921,2.7875405327859357
917,0.3874080047817016,0.05814411574160581,0.7392927827319691
918,-0.8589089482835902,-0.6336382443689762,0.09736591924020066
919,-0.5768976574629082,-0.19199783273381896,-0.5065099324689208
920,1.7151972597682537,5.045941631292558,1.9719426080420968
921,-0.6996168013799404,-0.34243700633872615,-0.41985974695655953
922,-0.27852581273778093,-0.02160709346377155,0.43119341288975827
923,-1.0260729975332352,-1.0802761206558302,-0.872899334637369
924,1.3125191178270097,2.261085129896683,2.673078960775952
925,0.2768625491480118,0.021222309298000775,2.521076233528372
926,0.714370557745791,0.36456136474514017,6.01757789024221
927,-0.27267889820360286,-0.020274707223653144,1.1953110670463447
928,-0.057149630869336186,-0.00018665528402046173,0.0023399527879281595
929,-0.06287848345367293,-0.00024860289151376223,1.3897684448600096
930,-0.7734673154494548,-0.46272812713351413,-0.6883590643909939
931,-1.7554894084285866,-5.4099673067790075,-1.7516942571317282
932,1.3222324763244824,2.311657347814022,1.7960208909627466
933,0.891834578989073,0.7093375025921195,1.2905404769626452
934,1.304130018663461,2.2180057875809256,1.350245414456565
935,-1.3633156969308213,-2.5338990304742426,-1.1469414043563892
936,0.03539748652356337,4.435241530651542e-05,0.0437396253189501
937,0.328603603645103,0.03548272501154225,0.8016186938332271
938,0.6159794036488799,0.2337214505568989,7.317669385652811
939,1.3449650007669833,2.4329486864800915,6.492517867853675
940,-0.022769172662526406,-1.1804341123579122e-05,2.67001409173148
941,1.6639068284475307,4.6066690403175965,2.1652289424707885
942,-1.9228400573310016,-7.1093432446744105,0.8107351072283717
943,0.5120229262010317,0.13423575870547988,3.0825037770210657
944,-1.0251792729369877,-1.0774557697207967,0.03498834025467534
945,0.637236722752455,0.2587631243648593,0.6588116639219246
946,1.5930398439293718,4.0427781943094905,2.0942044213239357
947,-0.6409438087169064,-0.2633054632798523,-0.040204359693475133
948,1.4217171403983162,2.8736878916736934,1.724569330446815
949,0.0658135071686356,0.0002850657915496661,0.10394032868945943
950,1.862544646815073,6.461302528610414,6.73296371117864
951,0.6787316216606405,0.3126757854456622,0.8184399561314257
952,-0.44094618546749376,-0.08573472711896829,1.3935314548537185
953,0.1394979272776696,0.002714583869713751,0.17230049316321638
954,-0.7030583829867153,-0.3475154943813245,-0.6836399552641647
955,0.7338191089697312,0.3951546076632563,0.7462453134744538
956,-0.7291454462821286,-0.38765242362109514,0.29388193363539517
957,-0.3782072676726694,-0.05409904642784241,0.10284081974966652
958,-2.815455394355783,-22.317521068469354,-2.7377463863038156
959,-0.8627194724251749,-0.6421090659970186,3.359071671695949
960,-0.8333143686005802,-0.5786641947429472,-0.5073778450789921
961,1.2222462812651265,1.8258965739923334,1.3160272457459918
962,0.8411992981502627,0.5952463006059,0.9408571806440871
963,0.35099711341479245,0.0432424841182215,1.1425756340785354
964,0.23591883898570748,0.013130699631583325,5.632916780859573
965,0.9166232869868645,0.770145281861654,1.1467952109224948
966,0.006651000076743288,2.9421232263540255e-07,0.008390944971025967
967,1.5729032775590468,3.8914015917246245,1.5790955956173314
968,0.4003543526126324,0.06417023997748701,1.0910773095945752
969,-0.4913519191692143,-0.11862547654606496,2.2787812200230544
970,0.8445338484387408,0.6023531441417221,5.36298280819376
971,0.020080270226512497,8.096711387576752e-06,1.6977887288841738
972,1.065425473727408,1.209397952276548,2.019236762349563
973,1.3981710534174514,2.733259837168232,1.4188033178884916
974,-1.605594663223736,-4.139117429904304,-1.1000115687488634
975,0.022853951971089023,1.193669043475558e-05,1.3407903983933538
976,0.8410942748568929,0.5950233798698019,2.1527215955829875
977,-1.581817883307321,-3.9579421619494157,-0.9387352352836775
978,-0.3087835005655036,-0.02944165769268554,2.047897833300873
979,-0.7839787592112909,-0.48185113772647054,3.928082287028086
980,0.8243343384615625,0.560157523736822,1.410753433429661
981,-0.9782735522604873,-0.9362265166551121,1.461839878349835
982,-0.12910766350785788,-0.0021520683724345307,-0.09826262519047542
983,-1.166144802425251,-1.5858329703663925,0.657212189272405
984,1.2579156000118086,1.9904648337342155,4.468279389241088
985,0.3912162245480227,0.05987569572682164,0.9039929942781555
986,-0.18265213901105987,-0.0060936048409203705,-0.1450717449829091
987,-1.5388045269458914,-3.6437650493060136,-1.333931847496728
988,0.06813041575147738,0.0003162445992093599,0.14851069890274704
989,0.700677353026647,0.3439966727549032,2.286391921579887
990,0.029584041734258517,2.5892412627962393e-05,0.1613755769311075
991,0.19925142122715003,0.007910506349884279,0.32106572246406395
992,0.2526450705083068,0.01612621652476896,0.49581683238616203
993,-1.8144961477582977,-5.974040349225582,-1.0336413180660862
994,-1.1816760075879043,-1.6500429674691803,0.47261261337651517
995,-0.9918892639966846,-0.9758646105486307,-0.5976508164257173
996,0.6096387438575535,0.22657796854702167,0.8904052791775761
997,0.20166910635801857,0.008201968962573022,2.2792396662671273
998,-0.6762703643007304,-0.3092865742502567,-0.5958833862167023
999,-1.358917771826648,-2.5094557096128822,-1.0739843440998909
